<?xml version="1.0" encoding="utf-8"?>
<!DOCTYPE install PUBLIC "-//Joomla! 1.6//DTD template 1.0//EN" "http://www.joomla.org/xml/dtd/1.6/template-install.dtd">
<extension version="1.6" type="template" client="site" method="upgrade">
	<name>construct5-core</name>
	<creationDate>March 27, 2012</creationDate>
	<author>Cristina Solana | Matt Thomas</author>
	<authorEmail>support@construct-framework.com</authorEmail>
	<authorUrl>http://construct-framework.com</authorUrl>
	<copyright>Copyright (C) 2009 - 2012 Matt Thomas. All rights reserved.</copyright>
	<license>GNU General Public License version 2 or later; see LICENSE.txt</license>
	<version>∞</version>
	<description></description>
	<files>
		<filename>css/article/index.html</filename>
		<filename>css/category/index.html</filename>
		<filename>css/component/index.html</filename>
		<filename>css/grids/construct.css</filename>
		<filename>css/grids/construct-responsive.css</filename>
		<filename>css/grids/index.html</filename>
		<filename>css/item/index.html</filename>
		<filename>css/custom.css</filename>
		<filename>css/editor.css</filename>
		<filename>css/ie6.css</filename>
		<filename>css/index.html</filename>
		<filename>css/mobile.css</filename>
		<filename>css/modal.css</filename>
		<filename>css/print.css</filename>
		<filename>css/rtl.css</filename>
		<filename>css/screen.css</filename>
    	<filename>css/screen.css.php</filename>
		<filename>elements/helper.php</filename>
		<filename>elements/index.html</filename>
		<filename>elements/logic.php</filename>
		<filename>elements/mdetect.php</filename>
		<folder>html</folder>
		<filename>images/index.html</filename>
		<filename>images/selector-arrow.png</filename>
		<filename>images/trans.gif</filename>
		<filename>js/DD_belatedPNG_0.0.8a-min.js</filename>
		<filename>js/index.html</filename>
		<filename>js/PIE.htc</filename>
		<filename>layouts/index.html</filename>
		<filename>layouts/article/index.html</filename>
		<filename>layouts/article/override.php</filename>
		<filename>layouts/category/index.html</filename>
		<filename>layouts/category/override.php</filename>
		<filename>layouts/component/index.html</filename>
		<filename>layouts/component/override.php</filename>
		<filename>layouts/item/index.html</filename>
		<filename>layouts/item/override.php</filename>
        <filename>apple-touch-icon.png</filename>
		<filename>component.php</filename>
		<filename>error.php</filename>
        <filename>favicon.ico</filename>
        <filename>favicon.png</filename>
        <filename>index.html</filename>
        <filename>index.php</filename>
		<filename>mobile.php</filename>
		<filename>mobile-offline.php</filename>
		<filename>modal.php</filename>
		<filename>offline.php</filename>
        <filename>template_thumbnail.png</filename>
        <filename>templateDetails.xml</filename>
    </files>

	<positions>
		<position>analytics</position>
		<position>breadcrumbs</position>
		<position>column-1</position>
		<position>column-2</position>
		<position>column-3</position>
		<position>column-4</position>
		<position>content-above-1</position>
		<position>content-above-2</position>
		<position>content-above-3</position>
		<position>content-above-4</position>
		<position>content-above-5</position>
		<position>content-above-6</position>
		<position>content-below-1</position>
		<position>content-below-2</position>
		<position>content-below-3</position>
		<position>content-below-4</position>
		<position>content-below-5</position>
		<position>content-below-6</position>
		<position>debug</position>
		<position>footer</position>
		<position>footer-above-1</position>
		<position>footer-above-2</position>
		<position>footer-above-3</position>
		<position>footer-above-4</position>
		<position>footer-above-5</position>
		<position>footer-above-6</position>
		<position>header</position>
		<position>header-above-1</position>
		<position>header-above-2</position>
		<position>header-above-3</position>
		<position>header-above-4</position>
		<position>header-above-5</position>
		<position>header-above-6</position>
		<position>header-below-1</position>
		<position>header-below-2</position>
		<position>header-below-3</position>
		<position>header-below-4</position>
		<position>header-below-5</position>
		<position>header-below-6</position>
		<position>nav</position>
		<position>nav-below-1</position>
		<position>nav-below-2</position>
		<position>nav-below-3</position>
		<position>nav-below-4</position>
		<position>nav-below-5</position>
		<position>nav-below-6</position>
		<position>offline</position>
		<position>syndicate</position>
	</positions>

</extension>

